Coin,Extreme Fear,Fear,Neutral,Greed,Extreme Greed
@107,-89.5887875576037,-2.2912565496155253,52.15010709216152,86.25176302214813,191.1582114651543
BTC,1.7319208572237954,48.90067315663627,34.92117517925521,15.949612092403314,41.4132639954844
ETH,196.92766022254128,236.86476378421054,46.75329430372057,98.21936567263569,-20.75892793231225
HYPE,46.904437527631835,30.06355240155987,17.32280311140614,24.569011680455016,28.098989355797993
MELANIA,218.3389399058296,99.16832457783376,82.596900092,59.74857865475223,-70.39914285338345
SOL,56.00612583173589,189.47222430454778,216.69728189285715,284.7982433650693,19.71559259749085
